entries,keyword
".^_^.,^_^","Overjoyed"
"^^;,|_|',-_-;","Anime Sweat Drop"
";=(,=O ::::::,:*(,:((,;(,:'-C,:~-(,TT.TT,:..[,(;_;),&.(..,Y.Y,(-Ì©__-Ì©),TT^TT,8:::(,T_T,:'-(,;_;,i_i,(!_!),T.T,='(,;-;,:cry:,(cry),TT_TT,:""-(,QQ,T^T,:_(,(ToT),:'(","Crying"
"c(','c),^(^.^)^,<(^,..,^)>,(>'')>,c(-_-c),<(^_^)>,(>'.')>,<( '.' )>,<('-'<),(>*-*)> <(*-*<),<('.')>,<(^.^)>,<('.'<),(ã£^â¿^)ã£","Kirby"
"c/_-*,(emo),c//_^',(//.^),\/O\/O\/,(ãâ½ã),(///.-),T-T,âÏ,_ãÏâ,d(//^)b,(-_\\\),c//_+.,//_T)o.,(//_-),(//_^),//_^","Emo"
"^Â¿^, * * 
|___|,B^D,U,ï¼âï¼¾oï¼¾âï¼,(^_^),8-D,(happy),â»,8^D,BD,8^),:))),(Ëâ£Ë),^.^,:-},ï¼ï¼¾ï½ï¼¾ï¼,!_!,B^),8D,ï¼ï¼¾âï¼¾ï¼,(:,=),:),^-^,:-)","Happy"
"(>_<)","Painful"
"()   ()
=( *.* )=
(  o  )
 ("") ("")0,=(:3)= =)*,â¥â(âââà±ªâââ)ââ£, (_) /_) 
 (o . o) 
('')_(''),Uï½¡ï½¥.ï½¥ï½¡U,   \\ 
  __()
o(_-\_,(\_/)
(^_^)
 (____)0,()()
('.')
("")(""),(\_/)
(='.'),()_()
(""-"")
("")(""),(\_/)
='.'=
> . >
 U U ,("")_("")
(='.'=)
("")_(""),(O:3,()()
(*.*)
-()()-,(\_/)
(0.0)
 (___)!,(=^_^=),(\_/)
(o.o)
 (___)0","Bunny"
"ï¼â-â*),:o,ï¼ï¼¾ï½ï¼¾ï¼,>8-D,=^D,ï¼ââ½âï¼,=-D,:L,:'D,:)),(ï¼¾â½ï¼¾),(^_^),XD","Laughing"
"à² _à² ","Disapproval"
"â»ââ» ï¸µ ã½(Â°â¡Â°ã½),(ï¾â§ââ¦)ï¾ ï¾ â¸â¸,(â¯Â°â¡Â°ï¼â¯ï¸µ â»ââ»,(ãà² çà² )ãå½¡â»ââ»,(â¯Â°â¡Â°)â¯ï¸µ â»ââ»","Flipping Table"
"âââ,áââ½Ëâ°Ëâ¾âáâªâ¬","Frosty the Snowman"
"V.^.V
(_)
[[ ]],V.v.V,(\/)!_!(\/),â§ããããâ¦,V=(Â° Â°)=V","Crab"
"á(à² çà² )á","Anger"
"DD-:,/:(,à¼¼ à¼àº¶ à·´ à¼àº¶à¼½","Distraught"
"à¼¼ ã¤ â_â à¼½ã¤","Take my energy"
"^o^","Mog"
"(#^.^#),ï¼/ï½¡ï¼¼),(#/ã\#),(*^_^*),(*Â´â½ï½)ã,-_-,(^^;)","Shy"
";-(,:=(,\8^1,8-(,(sad),<>
-,:[,(/_\),(<_>),:sad:,Y_Y,=[,(Î©_Î©),v.v,:-(,):,D:,:c,D=,T.T,=(,:(","Sad"
"(dance),âªÏ(ï½.Â´)Ï,\o/,\:D/,^(. .)^,v(*.*)^,â(ï½oÂ´)â,(>..)>,~(o.o)~,\(^o\) (/o^)/,<(..<),ã(^_^ã)(ã^_^)ã,(~^.^)~,ï¼ã^â^)ã,âªâ(ã»oï½¥)ââª","Dancing"
">:*,D:<,>=P,}:(,>.<,>-:O,--""","Upset"
":c),<^^*>,^^","Blissful"
"t('.'t),Q('.'Q)","Put Em Up"
"\\(<.<|>.>)//,â(ï½¥_ï½¥â),(*)?(*),<_<,>_>,>.>","Looking"
"^_^'',(o^-^o)","Pikachu"
";=),o.<
U,(wink),:wink:,;(),!-),~_^,(-!,ââ¿â¼,(^â¿â),;),;-)","Winking"
"ã¾(Â´Ïï½)ã,(âoâ)âª~âª,:-o,(^o^)","Singing"
".'J,^^,^&^,:^J,( Í¡Â° ÍÊ Í¡Â°)","Smiling"
"^_^;","Guilty"
"b (,:=@,:-Z,:(,x=(,>:-0,ã½(#ï½_ã¤Â´)ï¾ï¾ï¾,:-||,>-(,:-t,(angry),-_-+,oâ¤*ï½â¡Â´ *âo,D<,>(,:@,>:-o,:-@,(((p(>o<)q))),>:-(,\ /
. .
O,â |à¶»ãà¶»|â ,X(,ã½(ï½âÂ´ã¡)ã,>:(,(â¢Ë _ Ëâ¢),X-(,(â£_â¢)","Angry"
"^..^__)~,<('@')>,(âï½ï¼ââï¼Â´â)ï¾,^(*(oo)*)^,o()~,Â´Ã¶`,:(:),:=),(ï½(ââ) Â´),=8),:@),<(^oo^)>","Pig"
"(h5),(*ï½¥âï½¥)ï¼ï¼¼(ï½¥âï½¥*),^_^/,o/\o","High Five"
"<3+<3,(love),*IN LOVE*,(inlove),:],(â¥_â¥),(*_*),:-]","In Love"
"(*/â¡ï¼¼*),(#ï¼ãï¼¼#),:-[,(#^.^#),:-$,:oops:,(>//<)
,^^"",:$","Embarrassed"
"(Â¬_Â¬),Î¸ï¼¼(ï¼ï¿¢_ï¿¢),Â¬.Â¬,d-:,:-1,-_-,;-\,:-P","Whatever"
"ï¼ããÂ°ï¼","Herp Derp"
"á(à² çà² á)","But At What Cost"
"n . n
-----,(<_>),ï¼Â´c_ï½*ï¼,(â¥;),( â¢Ð´â£),(._.),Ø¨_Ø¨,._.","Depressed"
"ï¼ââ½âï¼,ï¼ï¼¾ï½ï¼¾ï¼,(ï¼¾â½ï¼¾)","Cheerful"
"âà¶»âÊâà¶»â,oO:)&","Grandma"
"O-(==<,Z/,(>.<)zzZ,(~_~)^,(>.<) zzZ,(-.-)zzZZ,(ã-Ï-)zzz...,-_- Zzzzz,QQ
-,(-_o)zzZ,<-.->,Z_Z,(âË â Âº),ê¡á¦Ì²ê¡,-_-","Sleeping"
"â¦Â°Ë\âº/ËÂ°â¦","Playing in the snow"
"(ï¼â¸á)","Whoops"
"ï¼¼(ï¼¾Oï¼¾)ï¼","Celebrate"
"(Â°Ì¥Ì¥Ì¥Ì¥Ì¥Ì¥Ì¥Ì¥á´Â°Ì¥Ì¥Ì¥Ì¥Ì¥Ì¥Ì¥Ì¥)","Happy crying"
"( â¢ ââ¢)ã£Î¸ÎÊ","Hiding Easter eggs"
"/|^;-;^/|,/|\( ;,;)/|\,/|\( ;,; )/|\,^v^,(^+.+^)","Bat"
".Â·Â´Â¯`(>â<)Â´Â¯`Â·.,(â¥ï¹â¥),(à¥ËÌ£Ì£Ì£Ì£Ì£Ì£ï¸¿ËÌ£Ì£Ì£Ì£Ì£Ì£ à¥)","Sobbing"
"*SHOCKED*,(*â¢*),@@
)
o,:shock:,8O,(0 0)
>
O,âââ,Î£(O_Oï¼),8^{},8-0,o_o,:-o,=O","Shocked"
"|â´ã Ï ãâ´|","SpongeBob SquarePants"
"<^**^>
V,ï¼ï¾âï¾ï¼, ( â¢)>
<'_/ ,(8>)<,~O~,=W,(â¢ââ¢),<;O
(,{Â¤vÂ¤},(`ï½¥âï½¥Â´),(*v*),<ï¼Ñï¼>,_
<(')
{ >}
ll,ï¼ã»Î¸ã»ï¼,~:<>,0>,(*)>
/ ) 
/""  ,(ââââ)","Bird"
"("",),(:   (=|,(boo),(>"")>,(âá)â,(((à¼¼â¢Ì«Í¡â¢à¼½))),<("")>","Ghost"
"/(^.^)\,Uï¼¾ã§ï¼¾U","Puppy"
"Ã (..),Ï(ï½¡_ï½¡;),ï¼¿ã(ãã)","Writing"
"8:3,(l-l)
('_')
(uu),()()
=(-,-)=
("")_(""),ï¼(=à¹ x à¹=)ï¼¼,('.'),U=ï½¥ x ï½¥=U,>-=],(\_/)
(o.o)
 (___)0","Rabbit"
"|>///^<,{}{,}-(((*>,<((((><,><((((o>,<.{{{><,(Â°)#))<<,â¥á·)ÍÍ¡Ëââ,<*)))<,>ï¾)##)å½¡,<('O')>,Ïµ( 'Î' )Ï¶,><((("">,<"")))><,<><","Fish"
"ã½( âÏâ)ã","Pumped up"
"(â¿Â°âÂ°)â¿ ï¸µ ÇÊol","Heartbroken"
"=+=,=^w^=,=^w^=),(=^-Ï-^=),:3,(=^ï½¥ï½ªï½¥^=),=^.^=","Kitty"
"(ï¿£âââï¿£)","Fu Manchu Man"
"ï¼ãï¼¾ï¼¾ï¼äººï¼ï¼¾ï¼¾ãï¼","Best Buds"
":^(,(â¯_â°)","Bummed out"
"(-_0),8-#,F(x_x)F,â(ï¾Ð´ï¾â),[Â¬Âº-Â°]Â¬","Zombie"
"â@(ï½¥ï½ªï½¥)@â","Beefcake"
"d=(Â´â½ï½)=b,â((ã»â½ã»))â","Hug me"
"o(^â½^)o","Pumped"
"(`ËÐ·Ë),(âÎµâ),(ã¥ï¿£ Â³ï¿£)ã¥","Smooch"
"(ã_ï¼)ï¼¼,â( â-ï¹ ï½ï½¡)ã¥","Hurt"
"(think),(p_-),*-),:=?,:-?,:?","Thinking"
"â^â^â","Kitty Cat"
"(^Ì®^),(ââ¿â¿â)","Pleased"
"( â¢_â¢)O Â°Q(â¢_â¢ )","Playing Ping Pong"
"(à· Íâ¢âÌ¬â¢ Í)â,{â¥â¿â¥}","Lovestruck"
"{ 8{],à·´,:{),:-3,:-{,:{,={D,:{D,:-#|,( ï¿£âï¼¿âï¿£)","Mustache"
">P-(,.),Q-),o-),O.),à¹-),O-(,*-(","Cyclops"
"+=>-,-{'''|'''|'''|''']=[],---(|||]==[]","Syringe"
" o,
_|  ,å«(ï¼¾â¡ï¼¾*),(â¯Ë -Ë )â¯,(--)
_/\_,[-o<","Praying"
"â»ââ» ï¸µ ã½(Â°â¡Â°ã½),(ï¾â§ââ¦)ï¾ ï¾ â¸â¸,(â¯Â°â¡Â°ï¼â¯ï¸µ â»ââ»,(ãà² çà² )ãå½¡â»ââ»,(â¯Â°â¡Â°)â¯ï¸µ â»ââ»","Flipping table"
"(à¸âÌ-âÌ)à¸,Ã   Ã
/|-/>|>
^|\  /\ 
/ | | |,(à¸ â¢Ìãâ¢Ì)à¸","Fighting"
"uwu","Happy Anime Face"
">:-(,( o_o),@_@,>_<*,Â¬Â¬,(-_-* ),(Â¬_Â¬""),:/","Annoyed"
"><,B/,(áá£á),X[,>.<*,-_-*,=P,:-L,:-P","Frustrated"
"(-_-)#,(x),~0(**)0~,8:^)","Girl"
"(j),Qx,(ninja),[-_-]~,QK","Ninja"
"d(-\\\)b,o(^_^)o,d(^_^)b,[{>.<}],d^_^b,d-_-b","Listening to Music"
"8(>_<)8","Jealous"
"\m/d(^_^)b\m/,\m/(*o*)\m/,\m/ >_< \m/","Rocking Out"
"(/|\),*p*,:)>-,â.ÊÊâ¿ÊÊ.â,V (*_*) V,(^o^)y,â(ââ¿-)â","Peace"
"(Ã²_Ã³)","Furious"
"d^_^b,[:-},d[-_-]b","DJ"
"(=^ ^=),\m/<(^_^)>\m/,Æª(Ëâ½Ë)Ê,\ ^_^ /,(â§ââ¦)/,o(^o^)o","Joyful"
"@@
>
0,.].]
-,*SURPRISED*,$$
<
****,O-O
U,l8^O,:=o,(*.*),(surprised),:eek:,GG
-,(O.O),:-(),OAO,=^o,ï¼ï¿£â¡ï¿£ï¼ï¼,:-O,(:)o),*.*,=0,:O,{:o,=^0,:o","Surprised"
"/00\
>
~,(worry),:=S,(ã¼ã¼;),(ã»ã¸ã»),âï¹â,>w<,:-S,(Â´â¹ã½â¹`),:S","Worried"
"(*ï¿£mï¿£)","Dissatisfied"
"(*Â°âÂ°)=3,(ââ¡ââ¡),ï¼*Â´â½ï½*ï¼","Infatuated"
"( ^_^)ï¼","Waving"
"ï¼¼ï¼ï¼¾ ï¼¾ï¼ï¼","Glad"
"m(T-T)m,ï¼¼(_ _),(ã·_ _)ã·,m(_)m","Apology"
"â(;ï½¥_ï½¥)â,Îµ=(ã£â§Ïâ¦)ã£,ããããã½ï¼ãï¼ï¼ï¼ã,Îµ=â(ï¾ã­ï¾;)â,Îµ=â( >_<)â","Running"
"O??,o(^_-)O","Boxer"
"(ï¿£â½ï¿£äºº),(^^)//,=D>","Applause"
"( `_)?(_' )","Dueling"
"(Â´~`)","Weary"
"~~
00
__,%%
-,:???:,(ãÐ´ã??),:-Q,8/,(-?),:-$,-.-?,(p_q),:~/,,':(,:-S,:-??,:-?,?:|,(@_@),:-/,o_O,:?,O.o?,ã(ããã),8-/,=?,:s,(-_-)ãã,O.o,Â¯\(Â°_o)/Â¯","Confused"
"ï¼ï¼¾_ï¼ï¼ï½,:-bd,(yes),(ok),*THUMBS UP*,d'-',(y),d'-'b,d-(^.^)z,(^-^)b","Thumbs Up"
"(#ï½ÎµÂ´),>,<,~:(,o(>< )oâ*,:-\,>=[,>}:-(,=/,)8^(,:!,:U,>;-(',:mad:,=\,:x,:-x,>=(,>_<","Mad"
"(Â°âÂ°äººÂ°âÂ°),o(^_^o)
(o^_^o)
(o^_^)o,v(^_^)v","Victory"
"(Â´ãï¼¿ãï½),%-/,(:|,%-|,=_=,ã _ã ,*TIRED*,(z_z~.),(=_=)","Tired"
"ï¼£:ãã","Octopus"
"Êáá´¥áÊ,â© áá´¥á â­,_m_(-0-)_m_,@(*o*)@,Ê â¢á´¥â¢Ê","Koala"
"Îµ-(Â´ã»ï½) ï¾","Phew"
"â¬â´â¬â´â¤(ï½¥_ââ¬â´â¬â´","Snooper"
"     ^^
=[::](:3)
||   ,[^._.^]ï¾å½¡,~=[,,_,,]:3","Nyan Cat"
"Â¯\(Â°_Â°)/Â¯,Â¯\_(ã)_/Â¯","Shrugging"
"â(ï¿£(å·¥)ï¿£)â,(""""\(O_O)/""""),â =â= â,("") (""),(''')-.-('''),ã¾(Â´(ï½´)ï½ï¾ï¾,(ï¼(ï½´)ï¼¼),(âªã¨âª),\'''\(*.*)/'''/,O_______O
( ^ ~ ^ )
(,,)()(,,)
( )   ( ),o   o
( *.* )
("")   ("")
(  O  )
("") (""),('')-.-(''),ââá´¥ââ,â(ï¿£(ï½´)ï¿£)â","Bear"
"(ï¾_ _)ï¾,ï¼¼ï¼ï¼ï¼ï¼ï¼","Surrender"
"( -_-)æ¦~","Drinking"
"ï¼¼(^o)(^0^)(o^)ï¼","Caroling"
"ï¼¼(-_- )","Thank You"
"_____O___III,____o/|||,===O____iii,ï¼( ^o^)ã___ï½","Bowling"
"[â¢.â¢à¸´]","Huh"
"Ñ(ï¾Ðï¾Ñ),ã½(ï¾Ðï¾)ï¾","Freak Out"
"(ï¾ï¾0ï¾)ï¾~","Yoo-Hoo"
"(áµá´¥áµ),á¶ áµá´¥áµá¶","Seal"
":O\,:-G-,:-d,(ci),(smoking),(smoke),:-Q~,(-ã-)y-ãã,:- i,â¯ï¼oã(ã¼ãã¼)y,:-?,(ï¿£(ï½´)ï¿£)y-ï¾ï¾ï¾,y(^ o^)y~~,:-Q","Smoking"
"( ãâã ) ã¢,(ï¼âà±ª âï½¡)ï¾","Imbecile"
"(/-_Â·)/DÂ·Â·Â·Â·>,<( ï½¥ï½ª-)<}","Bow and Arrow"
"( ï½oÂ´)_Î¸â","Kicking"
"(ââ¿â)ï»¿,%-)","Crazy"
"{{|â(>o< )â|}}","Up In Arms"
"à² á´à² ","Scheming"
"(ã£ËÚ¡ËÏ)","Yummy"
"â¬âââ¬ï»¿ Â¯\_(ã),â¬ââ¬ã( Âº _ Âºã)","Putting Table Back"
"(âï½ã»Ïã»)=ï¼¯)ï½-Ð´ã),(â ï½ï½°Â´)ââ)ï¾oï¾)/,â=(-_-â,â(ï¾oï¾(o,(punch),0(ï½ã»Ïã»Â´)=ã,(oï¿£âï¿£)=â¯)`Î½ã)ï½¥","Punching"
"âªï½(ï¿£Îµï¿£ï¼),.'Y,:-""","Whistling"
"(;_Â·),(Ð±_Â·),à² _à²°à³","Monocle"
":-{  -__-:","Stinky"
"(Ë_Ëâ!l),(â¯_â°â),(ï¼ä¸_ä¸),(ã>ã)","Ashamed"
"o(Â´^ï½)o","Reluctant"
":!,â(ãÐã;),.âµï½¥(ï¾Ðï¾),D:","Scared"
"^_^a,ï¼ ã¤ Ð ï½ï¼","Wiping Tears"
"(Â´>_â)ã¡(â_<ï½)","Sword Fighting"
"(;-_-)ã,(;Â´Ð`)","Giving Up"
"(ãï¾Ðï¾)ï¼!!,(oÂ´ã»Î¥ã»)ï¾ï½¥","Help"
"(laugh),:grin:,(ï¿£â¼ï¿£),:=D,:-D,:D","Big Grin"
"OZ~<,\@_O_@/,á(ââ¸â¼â¶)á,á(`â½Â´)á,á¦(Ã²_Ã³Ë)á¤","Flexing"
"(u_u),(+_+),'-=,o,8-#,(#Ã_Ã),++
-,(X_X),>T_T,XX
>
U,x_x,XP,x.x","Dead"
"(ï½¡ï½¥ËÐ´Ëï½¥ï½¡)","Pompous"
"(ãï½¥_ï½¥)ãâãã","Painting"
"(*ã»_ã»)ãâ*","Throwing Away"
"(Â´âª`*)","Friendly"
"(ï½¥_ï½¥;)_ï½¥),ï¾(ï½¥_|,|Ð´ï½¥),|_ã»)","Hiding"
"( ï¿£ï¾âï¿£)ï¿£ï½°ï¿£),(âÂ´ï¾Ï`)ï½º","Whispering"
"O-G-<,(ï¼ãâã)ã¢,ï¼ï¿¢Ð·ï¿¢ï¼Ï","Pointing"
"ï¼ãâï¼¾ï¼ï¼½,(ãï¼¾âï¼¾)ã,ï¼ã»Ð´ã»ï¼ï½,:)]","On The Phone"
"(ã_Â°)â","Punched"
"ï¼äººâââï¼","Precious"
"â(ï½¥Ïï½¥;)â","How Should I Know"
"(chuckle),*GIGGLING*,(Ð¾ï¼¾Ïï¼¾Ð¾),(giggle)","Giggling"
"(Â´ã¼ï½)âï¾ï½¯","Golf Clap"
"âï¾(o*ï½¥Ïï½¥)ï¾,ï½(((((((ã£Â´Î`)ï¾,(wait),(â³ï½¥à¸´_ï½¥à¸´)ã£","Wait"
"ï½¡ï½¥ï¾ï½¥(ï¾Ðï½)ï½¥ï¾ï½¥ï½¡,ï¼ï¼´Ðï¼´ï¼,à²¥_à²¥","Bawling"
"(smile),(*8,\\),:^D,:A,(Êâ¿Ê),:=),(*)  (*)
  \\/  
[______],o,o
\_/,()()
\__/,I:(,:|),C:,:],:smile:,>-),:Â¬),:-),=],:)","Smile"
":roll:,>>,c.c,9_9,8-|,@@,âÌ¯â","Rolling Eyes"
"(à²¥ï¹à²¥)","Devastated"
"(_ _)..ooOO,I-)","Dreaming"
"Ù©âÌ¯âÛ¶","Eye Roll With Hands Up"
"â¥â¿â¥","Enamored"
"ã(Â°ãÂ°)","Puzzled"
"\\(<.<|>.>)//,\(>o<)/","Panicking"
"^(#ï½âÂ´)_Î¨","Demon"
"(bear),(:)\/<,(>'')><(''<),(~^.^)~~(^.^~),{},(hug),({}),{ },(((H))),:)X,(>^_^)> <(^.^<),(ã£ââ¿â)ã£","Hug"
"(â__ââ)","Yikes"
">:\,:-7,:-/,:/,(â¢Í¡.â¢Í¡)","Skeptical"
"Æª(Ëâ½ËÆª)","Worshiping"
"(â¯âµÐâ²)â¯","Scary"
"(-â¡-)ï¸µ*","Blowing a Kiss"
"(-_ã","Groggy"
"<(;ï¿£ ï½¥ï¿£)","Scratching"
"ï¼Â´Ðãï¼/ãâã","Discarding"
"(â¬âÐâà¸º),@-|","Cyborg"
"ã¾(ï½ÎµÂ´)ï¾","Booing"
"(;ï¿¢_ï¿¢),Ã³Â¿Ã²,(âªçâª)","Staring"
"||||
oO
||||,^;;^,::::(,^''^,á½á½È Ìª Åá½á¿,/\(00)/\","Spider"
"(âà¸ºâ£Ð´â¢)âà¸º","Scaring"
"m( ï¾ç¿ï¾)mâââ","Laser"
"( Â´-Ïï½¥)ï¸»â»â³âââä¸","Sniper"
"(ï¾)ï¾Ðï¾(ã½),L(Â´â¡ï½L),/o\","Oh No!"
"(yawn),(;Â´Ï`)","Yawning"
"^)_(^","Chubby"
"â¨â¨_â¨â¨","Benjamin Franklin"
"ãâ¦à½½ãâ¦à½½ã ","Larry David"
"á¡|âãâ|á¡ ","Woody Allen"
"//0-0\\,((*J*)),(8 {,//o-o\\,â°â.â®-â®ââ°","John Lennon"
"â(á_ãá)â","Ringo Starr"
"X:-),à¼¼à¦¢_ãà¦¢à¼½","Bad hair day"
"ââU)â¬â¬ï¾~,â½ã»âã»â½,:o3,<[.,=.,]-,:O?,É¾âá´¥âÉ¹,<[~.~]>,(Uã»xã»U),:3-<,:O$,<*^)      
  \_____/
 _/   _\ ,<*^)    
\____~
/   \ ,:O\',/(^.^)\,Uï½¡ï½¥ï½ªï½¥ï½¡U,:O),:O/,â¤â¡á´¥â¡â¥ ","Dog"
"â(^(å·¥)^)â,â(âá´¥â)ã¤,:O)","Teddy Bear"
"â¹ï¹â¹,:-{}","Cold"
"-Ë Ï Ë-,^..^,(=^-^=)","Kitten"
"âÏâ","Lobster"
"ââ¡_á´¥_â¡â","Puppy Love"
"âª¿ â ËÌ«Ì® â â«","Elton John"
"âã  Ï ã â,8:(,(panda)","Panda"
"âââ ââ","Geek"
"(*ï½ã¸Â´*),(.ãâ`ç¿â²âã.),>-<","Livid"
"âà² _à² â","Distressed"
"(â¯á_ãá)â¯,â(T_T)->","Defeated"
"ï¼ï¼ âï¼ ï¼,á¦ââ¿âá¤,~@v@~,(QvQ)
(    )
""  "",(^o^),-(*o*)-,}Â°,Â°{,^(OvO)^,(*<*)
(  V  )
"" "",^o,o^,{0,0},(*v*)
(( ))
-""-""-,,___,
[ O.0]
/)__)
--''--''--","Owl"
"á¦âá´âá¤","Muscular Person"
"â«.(â à±ªâ ).â«","Jamming to music"
"(â ÍÊâ)b","Attentive"
"(@@)
 O,â â¢Í¡Ëâ â¢Í¡Ë â","Suspicious"
"(â¢á´¥â¢ )Ì`Ì'Ì`Ì'Ìâ»","Porcupine"
"ËâÍÊË","Content"
"(ÉËÐ·Ë)É","Romantic"
"Ê â¢ÌØâ¢Ì)","Winnie the Pooh"
"(V) (Â°,,,,Â°) (V)","Zoidberg"
"-=#:-) /,<*(:-?,8<:-),<{{{};->~,< c {:(=-* ,(â©ï½-Â´)âââï¾.*ï½¥ï½¡ï¾","Wizard"
"(Ã³ Ã¬_Ã­)=Ã³Ã²=(Ã¬_Ã­ Ã²)","Bro Pound"
"("")^-_-^(""),>;3,=^-.-^=,(=â à±ªâ =),<^oo^>,< . ||
|  <  |
< . ||,^. .^
=^=
~,((â¡^â²Í^â¡)),(^-_-^),>'.'<,â¥^â^â¤,,,,^..^,,,~,>'o'<,=^.^=,(=^ã§^=),=^_^=","Cat"
"|Ì²ÌÌâÌ²ÌÌ|Ì²ÌÌ=Ì²ÌÌ|Ì²ÌÌâÌ²ÌÌ|","Stereo"
"Êâ¿Ê","Eager"
"I=),(>.<),(-_-)Zzz,(snooze),(- o - ) zzZ â½,(Z.Z),I-),""8^y,~_~,#),u_u,|-)","Sleepy"
"â³â»â³Â°","Ping Pong table"
"*:o),<]:o){,(c:>*,*<:oB,â«· Â°â§­Â° â«¸,*<:oP,><*:oDX,(o:(>*,*<8-)X,<|:^0|<,*<:^),:O),*<:o)","Clown"
":(?),:(Â¦),<? ?>,8)~~*,8)","Frog"
"ï¼ãï¼¾ï¼ï¼å ~~~","Banksy"
"ÊÊ","Bread"
"Â¤\( `âÂ´ )/Â¤","Lifting weights"
"( `_)ä¹(_' )","Arm wrestle"
"âââ","Snowing"
"(;Â´à¼àº¶Ðà¼àº¶`),;w;,ï½¡ï½¥ï¾ï¾ï½¥(>Ð´<)ï½¥ï¾ï¾ï½¥ï½¡","Weeping"
"( Â° á´Â°)~Ã° ","Proposal"
"Êâ¢Í¡á´¥â¢Ê","Polar bear"
"(:{C),:0â¬,:{=,:-<,(:3=,(:3 ã£)ã£,:3=","Walrus"
"á( á )á","Celebrating"
"ï¼ï¼¿Îµï¼¿ï¼,(_X_)","Kiss my butt"
"ï½ãã»_ã»ãï½","Raving"
"à¼¼à¦¢_à¼½à¦¢à¼½,XP,0~0,:-/","Perplexed"
"(à¹â¹Ú¡â¹à¹)","Tasty"
"(Â¬_Â¬ )","Neglected"
"~^.^~,ï½¡ââ¿âï½¡","Gleeful"
"(Ã³ã¨Ã²),Êà¥â¢Ì«Í¡â¢Êà¥,(^(ã¨)^)","Bear cub"
"ï¼ã³ï¼ã,<ã³:å½¡","Squid"
"â|Â°Ð·Â°|â","Cutting a rug"
"(â_â)","Crazed"
"(ââ¿â)","Anticipation"
"Æª(â¾.â¾â)â,ã¾( ÍÂ° ÍÊÍ¡Â°)ãâª,v(*.*)^,â(^o^)â","Grooving"
"(ââ­â®â)","Deceased"
"âï½ï¼o ï½â½Â´ )oÎ¨","Satan"
"(ï½¡â¥â¿â¥ï½¡)","Smitten"
"(à¸ â¢Ì_â¢Ì)à¸","Feisty"
"â½ã»Ïã»â½,Vâá´¥âV","Doggy"
"ãï¼ãâ¡Â°ï¼ã","Psycho"
"(*^o^)äºº(^o^*)","Buddies"
"(>^_^)><(^o^<)","Hugging"
"(â¾ÊÌ«â¾)","Lethargic"
"ï¼¿Ï(Â°-Â°=),ï¼¿Ï( Â°-Â°)/","Doing Homework"
":,'),:-"">,:8},=^},(à¹Â´â¢.Ì« â¢ `à¹),:""),:=$,="">,(blush),=<_<=,:*-),:-*>,>//<,#^_^#,:"">,=^_^=","Blushing"
"ã½(ââ _â )ãâªâ¬","Boogie down"
"(Â´Îµï½ )â¡,ï¼*ï¼¾3ï¼¾ï¼,(-Îµ- )","Pucker up"
"ï¼ï¿£ï½ï¿£ï¼,|:","Unimpressed"
"(*â§mâ¦*),ËÊË","Enraged"
"â(^o^ )ï¼¸( ^o^)â","Best buddies"
"(ï¼ãï¼¼),8-|","Frightened"
":o,:-O,(*-*),(â^O^â),ã½(âÏâ)ã","Excited"
"à©¯à¥â¢Ìà¥ à»ê±â¼Â³ââ","Sonic the Hedgehog"
"Îµ=Îµ=Îµ=â(à¹ÊâÊ)â","Sprinting"
"ï¼ï¼¾ï½ï¼¾ï¼","Meh"
":{},( Ë Â³Ë)â¥","Kiss me"
"à©¯à¥âµà¥ à»ê±","Poodle"
"||@@||
||~||
---,@( oï½¥Ïï½¥)@,@(*_*)@,@(-_-)@,@'o'@,.-._.-.
q(. | .)P
^
----
U,@('.')@,()=,@(^_^)@,:(|)","Monkey"
"ï¼¿Ï(Â°-Â°=),ï¼¿Ï( Â°-Â°)/","Doing homework"
"áâÌ¤áá·","Chameleon"
"â(^(å·¥)^)â,â(âá´¥â)ã¤,:O)","Teddy bear"
"(Â¬â¿Â¬)","Cunning"
"Æª(Ëâ£Ë)Ê","Raise the roof"
"(ÉË Â³(Ëâ£Ëc)","Loving couple"
"ââ¿â","Dead person"
"`  `
(oo),:Â©),(*â(OO)â*)","Piggy"
"8^P,B^P,:^P,:-Ã,:p","Teasing"
"(;-_-)ã,(;Â´Ð`)","Giving up"
"___Ï(â¥ )","Studying"
"(â°Ëâ¡Ëâ°)","Satisfied"
"*|,ï¼ã_Â°âï¼¼(- â )","Punch"
"(â¯Â°â¡Â°)â¯ï¸µ ÊooqÇÉÉÉ","Flipping Facebook"
"â=â¡Î£(([ ââ¢Ìââ¢Ì]â","Superhero"
"(â©ï½-Â´)âââï¾.*ï½¥ï½¡ï¾","Magic Attack"
":^r,:Ã¾,;T","Playful"
":-{,8-E,8-{,>:-E,:f,>8-E,(*â¿â¿* Æª),>:-[,:(=,>8-{,',..,',-,..,-,*,..,*,(o,..,o),(=,..,=),@,.,@,(';.;'),:-[,:-E","Vampire"
"(âÌ¿Ä¹Ì¯âÌ¿ Ì¿)","Deal with it"
"à¼¼ ã¤ â_â à¼½ã¤","Gimme"
"Â¯(Â°_o)/Â¯","Confused shrug"
"(Â¬ï½¤Â¬)","Shifty"
"Â¥[*.*]Â¥,<(-_-)>,~(o_o)~,:]],:],[:],:|],[:|]","Robot"
"O(<>'<>)O","Aang"
"})U({,Æ¸ÌµÌ¡ÓÌµÌ¨ÌÆ·,})i({,}i{","Butterfly"
"(`_^),6-),9-),!),;-P,i),;p,(^_~),,-),;^)","Wink"
"(âA`),(Â´ï½¥Ïï½¥`)","Snubbing"
"ã½ï¼Â´ã¼ï½ï¼â","Mellow"
"(^ _ ^)/~~,(ToT)/~~~","Goodbye"
"ï¼ï¿£ã¸ï¿£ï¼","Discontent"
"o(^^o)(o^^)o","Hopeful"
"ï¼¼ï¼ï½ï¼¯ï½ï¼ï¼","Good Morning"
"â¼oï½¥_ï½¥oâ¼","Hello"
"âª(ââ²â½`)ï¾","Good Night"
"(*@_ï¼#),(=_â),(O_.),%+|,(#_#)","Beaten Up"
"---(o_ã_)o,ï½¡ï½¡ï½¡(o_ _)oââ","Tripping"
"Îµ=â(^-^)â","Skipping"
"Îµ=â( â§â½)â","Elated"
"â(Â°OÂ°)â","Blowfish"
"(((((^_^)","Teleporting"
"ï¼äººâ â¿â¿ âäººï¼¼","Kyubey"
"(~_(]=--Z(â¡Ë),--===[}","Pie Fight"
"(Ëâ£Ë)ÎµË`),(*^^)^*),(*^3^)/~â,(* ï¿£)(ï¿£â½ï¿£*),(^3^),(â¯3â°),:=*,X(*/*)x,8^*,:+,:%,;-(!),(kiss),*,:-{},(xo),:*),:-X,:P,= #,:-)*,:*,:-*","Kiss"
"((((((^_^;)","Evading"
"[ Â± _ Â± ],:->|,(-__-),|-~b,:-~),:-&,+o(","Sick"
"ï¼¼(ï½0Â´)ï¼","Fed Up"
"ä¸_(ï¾âï¾ï¼)ãï¾,:->X==|,( ^^) _U~~","Waiter"
"(*ã»)ÏÏ(*ãOã)","Poking"
"(ï¼o^)/Â°â¥ï¼¼(^oï¼¼)","Volleyball"
"á(Â´Ú¡`á),:PdPdP,:-9","Licking"
"/( ï¼¿0ï¼¿)ï¿£Î¸ââ¡â¡â","Scissor Kick"
"(( ï¼¿ ï¼¿)â â¡ã","Header"
"(ââ¼â¼)oâ³*--,(ï¾ç¿ï¾)ï½ââ³ï¼*,ââî â=(.)=ârââ","Shooting"
"â¢:_:â¢","Nagato"
"(ï¾Ðï¾â¡ï¾Ðï¾),ã½(Â´Ðï½ã½ããÂ´Ðï½)ã","Frantic"
"=^Y,:(*),:-(0),ã¾(*ï¿£Oï¿£)ã,>:O","Yelling"
"(ï¼^ï¼¿^)ãâ(ããoã)","Slapping"
"(* ï¿£)(ï¿£ *) ,( '}~{' ),(}{),|(ï¿£3ï¿£)|,:**:,*KISSING*,( '}{' ),(-}{-)","Kissing"
"(ãã;)ï¼¼(-_-)","Comforting"
"(ï¿£ã¼ï¿£)//ââ,(clap)","Clapping"
"\ï¼¿(Â´â½ï½)âªï¼¿/","Bathtub"
"[]ãï¼(âã*ï¼","Dialing"
"( ï½ç¿Â´)ï½¡ï¾/","Hitting"
"ï¼*ã»)ï½¢ï½£ï½¢ï½£","Magic Casting"
"(ï¾-o-)ï¾ ä¸­","Olympic Hammer Throw"
"(/Ïï½¥ï¼¼)","Peering"
"(âï½Ð´Â´)ï¾ï½¼ Î£(ã£ï¾Ðï¾)ã£","Chasing"
"(Â´ã»Ïã»)ã£ç±,8[+]","Gift"
"â¬ââ¬ï»¿ï¸µ/(.â¡.)â¯","Table Flips You"
"(ï¿£ã¼ï¿£ï¼ï¼¿ãï¼¿ï¼,(nod)","Nodding"
"(((ToT)â ~~,â _(ï¾ï½°ï¾*)Î²","Exorcism"
"(ï½¡â¼ç¿â¼),/oo\,(8<|,C8<]","Darth Vader"
"(((â))),(mp),(ph),(phone)","Phone"
"/***(^o^)***\,/~'v'~\ ,ââ(âï¾vï¾)ââ","Pigtails"
"â(>o<)Ïãâ³â·â³ã","Table Tennis"
"( --)/ ==å","Ninja Star"
"ãã(ï¼ï¿£â½)ï¼ããÑ","Chasing A Butterfly"
"(à¹âà¸´à¸´çâà¸´à¹),>:D","Evil Laugh"
"(+.+)(-.-)(_ _)","Falling Asleep"
"(+[__]â:â)","PlayStation Portable "
"Îµ=(â_â)","Accidental farting"
"( Ëà·´Ë ),\:-{|>","Hipster"
